tid,spawn_time,node_id,lon,lat,weight,deadline,status,assigned_vehicle,finish_time,travel_distance_m
0,3.500,380,-3.1879710,55.9464080,38.9903,229.945,DONE,0,19.500,169.857
1,6.500,262,-3.1893090,55.9473900,33.0466,281.483,DONE,1,37.000,293.303
2,10.500,316,-3.1884610,55.9450850,14.9536,236.477,DONE,2,42.000,325.889
3,12.000,303,-3.1885580,55.9477130,29.2552,314.792,DONE,3,34.500,220.142
4,14.000,344,-3.1882540,55.9465270,39.1706,318.518,DONE,4,30.000,178.946
5,14.500,144,-3.1907270,55.9451940,16.2142,266.990,DONE,5,34.000,201.203
6,15.500,524,-3.1869520,55.9472970,6.7616,360.449,DONE,0,138.000,411.599
7,23.500,466,-3.1875880,55.9464100,36.3682,378.438,DONE,0,60.000,123.961
8,26.000,277,-3.1890200,55.9459970,17.7698,291.670,DONE,0,48.500,44.264
9,27.000,191,-3.1901440,55.9450520,13.2671,229.068,DONE,0,98.000,102.204
10,30.500,126,-3.1909570,55.9452900,13.3136,370.428,DONE,0,86.500,275.021
11,31.500,248,-3.1894500,55.9456810,13.9047,345.105,DONE,0,44.500,91.576
12,38.500,414,-3.1878120,55.9450570,33.7671,354.433,DONE,4,125.500,410.284
13,40.000,263,-3.1892840,55.9459140,33.9441,383.941,DONE,4,51.500,55.748
14,44.000,295,-3.1886730,55.9480290,27.0554,341.349,DONE,4,82.500,310.491
15,48.500,436,-3.1877340,55.9453550,24.4557,269.762,DONE,5,81.000,87.222
16,51.000,312,-3.1884870,55.9477400,27.8965,337.977,DONE,5,116.500,331.635
17,52.000,515,-3.1870370,55.9457490,13.2090,258.346,DONE,5,72.000,195.041
18,77.500,396,-3.1878900,55.9466230,7.7424,420.123,DONE,1,85.000,81.192
19,79.000,485,-3.1873640,55.9451730,7.7467,406.339,DONE,2,107.000,288.937
20,79.500,523,-3.1869520,55.9462580,26.9847,410.051,DONE,3,97.500,196.093
21,83.000,420,-3.1877980,55.9446590,36.0573,478.883,DONE,1,130.500,59.416
22,90.000,349,-3.1882300,55.9450180,7.5558,447.823,DONE,1,125.000,336.224
23,91.500,29,-3.1921260,55.9475730,12.2459,406.139,DONE,1,184.500,577.257
24,95.000,316,-3.1884610,55.9450850,20.8438,360.264,DONE,3,164.500,70.485
25,98.000,307,-3.1885320,55.9461520,17.5630,358.845,DONE,3,130.000,153.206
26,100.000,476,-3.1875190,55.9459270,22.5931,438.561,DONE,3,143.000,128.218
27,103.500,569,-3.1866750,55.9473730,23.5148,485.343,DONE,3,208.000,424.541
28,105.000,9,-3.1951020,55.9449750,32.0125,311.230,DONE,3,272.000,683.335
29,107.500,452,-3.1876770,55.9451770,9.2404,388.994,DONE,3,158.000,141.241
30,132.500,118,-3.1910120,55.9464610,36.5167,445.132,DONE,2,156.000,221.788
31,133.000,551,-3.1867740,55.9453710,12.1297,335.237,DONE,2,198.500,449.034
32,150.000,231,-3.1896650,55.9456900,12.1605,466.248,DONE,5,159.500,95.128
33,152.500,52,-3.1915440,55.9453350,36.5270,448.697,DONE,4,179.500,228.599
34,156.000,169,-3.1905480,55.9472600,11.2570,543.287,DONE,4,205.500,258.521
35,159.000,209,-3.1900050,55.9450730,29.2006,524.808,DONE,0,179.000,203.476
36,159.500,345,-3.1882540,55.9467370,7.4250,552.738,DONE,5,175.000,67.658
37,163.500,537,-3.1868660,55.9459930,26.7314,392.896,DONE,5,190.500,151.136
38,164.500,103,-3.1911140,55.9452630,22.4268,446.870,DONE,5,257.000,348.410
39,167.000,249,-3.1894470,55.9445890,29.1960,377.827,DONE,5,222.500,308.295
40,178.000,280,-3.1889280,55.9459060,8.5097,401.485,DONE,1,227.000,114.352
41,182.000,142,-3.1907410,55.9474550,12.3730,531.985,DONE,0,315.000,435.897
42,182.500,381,-3.1879700,55.9468990,28.6350,488.473,DONE,0,218.500,159.107
43,191.500,407,-3.1878450,55.9475000,27.5224,538.615,DONE,0,227.500,86.649
44,193.500,275,-3.1890800,55.9473740,37.5808,545.983,DONE,0,330.000,139.942
45,194.000,250,-3.1894460,55.9465320,39.0423,553.452,DONE,0,203.000,42.095
46,195.000,490,-3.1872350,55.9460150,32.7442,449.483,DONE,0,251.000,216.022
47,195.500,130,-3.1909390,55.9466500,7.1846,492.441,DONE,1,245.000,181.287
48,198.500,276,-3.1890530,55.9451320,35.3383,535.792,DONE,0,272.500,205.512
49,200.500,173,-3.1905020,55.9474030,26.4889,566.095,DONE,1,258.000,125.120
50,203.000,84,-3.1912270,55.9478470,15.3287,541.813,DONE,1,285.000,290.964
51,215.500,590,-3.1863970,55.9474920,14.0513,599.864,DONE,1,342.500,601.078
52,229.500,49,-3.1915680,55.9448880,26.6708,589.421,DONE,2,279.500,118.415
53,235.500,494,-3.1872250,55.9455190,10.2870,547.210,DONE,2,315.500,101.328
54,237.500,18,-3.1932820,55.9478010,15.4273,498.535,DONE,2,372.500,605.537
55,246.500,175,-3.1903800,55.9454690,8.7481,623.430,DONE,2,267.000,146.687
56,250.500,388,-3.1879410,55.9451750,17.1733,573.173,DONE,2,306.000,44.343
57,251.500,332,-3.1883340,55.9450920,19.4556,586.909,DONE,2,301.500,223.490
58,253.000,0,-3.1976500,55.9447920,19.9790,542.342,DONE,4,431.000,766.511
59,255.500,243,-3.1894950,55.9458870,31.0225,640.408,DONE,4,273.000,69.581
60,256.000,407,-3.1878450,55.9475000,11.7136,496.720,DONE,4,335.500,257.058
61,259.000,495,-3.1872220,55.9455980,30.6898,639.216,DONE,4,307.500,238.736
62,266.000,181,-3.1902710,55.9451600,20.8031,610.037,DONE,4,284.500,116.608
63,266.500,265,-3.1892690,55.9473310,33.5979,574.360,DONE,4,359.000,216.249
64,268.000,227,-3.1897500,55.9449960,41.2655,493.852,DONE,5,432.500,471.695
65,270.000,549,-3.1867960,55.9476110,18.5936,612.501,DONE,3,505.500,330.496
66,271.000,37,-3.1918240,55.9472950,17.2273,567.060,DONE,3,401.500,238.933
67,278.500,360,-3.1881220,55.9448370,8.1612,507.072,DONE,1,509.000,72.625
68,283.000,370,-3.1880220,55.9471420,8.6956,499.026,DONE,1,466.000,214.071
69,291.000,284,-3.1888470,55.9459630,34.5389,544.712,DONE,5,327.500,65.990
70,295.000,456,-3.1876660,55.9467310,22.2180,639.296,DONE,3,452.500,181.309
71,295.500,579,-3.1865980,55.9474580,40.3574,656.501,DONE,5,363.000,232.412
72,296.500,208,-3.1900120,55.9450860,12.9652,625.175,DONE,2,492.000,105.243
73,297.000,237,-3.1895570,55.9456290,6.1304,696.017,DONE,5,321.000,37.207
74,298.000,477,-3.1875150,55.9461700,33.2721,608.213,DONE,5,339.500,126.132
75,302.500,467,-3.1875880,55.9478100,39.0269,698.192,DONE,5,385.500,226.742
76,303.500,253,-3.1893930,55.9458870,24.5606,677.650,DONE,5,317.000,63.211
77,311.500,250,-3.1894460,55.9465320,20.7878,676.777,DONE,3,354.500,42.095
78,318.000,132,-3.1909360,55.9463830,6.3228,676.771,DONE,1,428.500,21.042
79,331.500,243,-3.1894950,55.9458870,7.0023,556.870,DONE,1,417.000,69.581
80,332.500,467,-3.1875880,55.9478100,29.5784,721.877,DONE,3,434.500,344.571
81,337.000,204,-3.1900450,55.9455360,25.1875,655.176,DONE,3,370.000,52.721
82,337.500,255,-3.1893910,55.9458090,23.9255,586.310,DONE,3,365.000,113.936
83,338.500,73,-3.1912790,55.9453790,21.1675,686.728,DONE,3,379.000,85.491
84,345.500,504,-3.1871120,55.9455480,40.8027,635.123,DONE,3,470.500,167.743
85,346.000,509,-3.1870770,55.9453260,7.7135,635.552,DONE,1,491.500,236.314
86,352.500,448,-3.1876950,55.9467030,16.1528,732.335,DONE,2,419.000,32.565
87,363.000,344,-3.1882540,55.9465270,17.0459,643.922,DONE,2,455.000,107.311
88,364.500,573,-3.1866370,55.9479680,39.1825,718.761,DONE,0,501.500,208.014
89,367.500,88,-3.1911970,55.9452690,12.7051,643.322,DONE,2,479.500,33.128
90,369.000,483,-3.1873830,55.9459810,18.3780,654.587,DONE,2,444.000,134.064
91,371.000,127,-3.1909560,55.9454060,15.2265,631.925,DONE,2,476.000,220.933
92,374.000,49,-3.1915680,55.9448880,35.8014,584.771,DONE,0,434.500,117.199
93,376.000,274,-3.1891330,55.9474490,31.1478,747.789,DONE,0,480.500,215.742
94,376.500,479,-3.1874790,55.9465260,30.9020,756.565,DONE,2,421.500,25.024
95,377.500,418,-3.1878020,55.9449190,12.4864,652.448,DONE,1,501.500,102.319
96,379.000,463,-3.1876260,55.9452190,39.0484,606.453,DONE,0,547.500,453.292
97,388.500,12,-3.1948230,55.9449740,7.8739,675.938,DONE,1,555.000,500.658
98,391.500,186,-3.1901980,55.9452790,32.1521,685.121,DONE,0,422.000,174.599
99,395.000,479,-3.1874790,55.9465260,28.5938,677.818,DONE,2,422.000,0.000
100,397.500,358,-3.1881370,55.9466820,10.8241,609.593,DONE,2,415.500,81.330
101,401.000,137,-3.1908360,55.9465630,36.8723,669.932,DONE,0,457.500,231.422
102,405.500,156,-3.1906500,55.9464580,6.6164,742.722,DONE,1,426.500,95.928
103,406.000,352,-3.1881910,55.9469030,30.3638,630.401,DONE,2,429.500,79.831
104,408.500,273,-3.1891410,55.9451180,26.5765,756.388,DONE,2,498.000,64.225
105,410.500,169,-3.1905480,55.9472600,12.4883,693.297,DONE,1,443.500,152.465
106,420.500,552,-3.1867660,55.9475040,31.9225,739.915,DONE,5,590.500,301.454
107,421.000,242,-3.1895030,55.9456500,8.3656,711.772,DONE,5,465.000,96.297
108,425.000,585,-3.1864770,55.9479950,28.5610,639.107,DONE,5,561.000,275.416
109,429.500,232,-3.1896510,55.9472490,25.9622,649.826,DONE,3,636.500,338.177
110,434.500,114,-3.1910210,55.9471940,26.7433,823.161,DONE,5,528.000,421.423
111,442.500,540,-3.1868520,55.9476630,32.3169,681.943,DONE,5,593.000,20.523
112,445.500,302,-3.1886100,55.9450730,39.9110,806.143,DONE,5,487.000,222.787
113,446.500,171,-3.1905420,55.9473940,39.0798,663.525,DONE,5,534.000,53.412
114,458.500,10,-3.1949960,55.9448470,16.0148,725.915,DONE,2,795.000,635.659
115,478.000,293,-3.1887200,55.9460390,28.2844,853.210,DONE,4,539.500,96.891
116,478.500,467,-3.1875880,55.9478100,40.4527,864.897,DONE,4,572.500,241.326
117,481.000,383,-3.1879620,55.9466290,12.4919,742.147,DONE,2,568.000,42.440
118,483.500,228,-3.1897310,55.9456550,25.5316,832.021,DONE,3,542.500,34.979
119,489.000,403,-3.1878690,55.9463640,29.8111,885.697,DONE,4,547.500,9.663
120,492.500,462,-3.1876280,55.9450880,15.6932,738.636,DONE,2,725.500,204.120
121,494.000,86,-3.1912100,55.9452430,20.2239,820.725,DONE,2,688.000,388.371
122,500.000,306,-3.1885450,55.9464690,9.1095,774.138,DONE,2,564.000,34.229
123,502.000,45,-3.1916340,55.9452620,9.7415,756.535,DONE,2,693.000,45.889
124,502.500,491,-3.1872350,55.9468020,16.5007,744.722,DONE,2,600.000,96.583
125,503.500,554,-3.1867540,55.9475850,41.4948,712.754,DONE,4,596.500,237.757
126,507.000,490,-3.1872350,55.9460150,17.4251,751.675,DONE,3,600.000,110.442
127,507.500,375,-3.1879950,55.9464050,38.0999,731.629,DONE,4,546.500,69.464
128,510.500,447,-3.1876960,55.9463210,20.8301,903.083,DONE,2,582.500,140.709
129,514.500,421,-3.1877880,55.9454230,26.2827,766.611,DONE,3,588.000,71.311
130,519.000,223,-3.1898000,55.9456220,41.2930,908.853,DONE,4,530.000,106.457
131,520.000,238,-3.1895320,55.9459050,29.1765,913.434,DONE,3,539.000,72.583
132,527.000,101,-3.1911160,55.9452810,25.3085,779.331,DONE,3,553.000,98.196
133,528.000,442,-3.1877090,55.9467000,12.9660,736.470,DONE,2,590.500,79.010
134,531.000,161,-3.1906250,55.9476060,30.4614,783.293,DONE,3,653.500,160.490
135,531.500,418,-3.1878020,55.9449190,39.4835,880.097,DONE,3,581.000,275.981
136,533.000,188,-3.1901600,55.9450750,9.6297,738.280,DONE,2,706.500,127.596
137,536.000,232,-3.1896510,55.9472490,8.7434,759.811,DONE,2,648.000,285.337
138,536.500,558,-3.1867310,55.9474360,6.8103,875.321,DONE,2,618.500,191.556
139,546.000,577,-3.1866170,55.9448370,15.7797,939.207,DONE,2,735.000,94.517
140,569.500,275,-3.1890800,55.9473740,20.0497,964.463,DONE,0,650.000,377.864
141,572.000,504,-3.1871120,55.9455480,14.1728,815.845,DONE,0,609.000,166.701
142,574.500,415,-3.1878120,55.9466730,32.3515,862.422,DONE,0,591.000,42.441
143,576.500,365,-3.1880630,55.9469290,6.4145,824.018,DONE,0,585.500,97.197
144,585.000,72,-3.1912830,55.9470930,39.8382,840.680,DONE,1,619.500,247.494
145,596.000,367,-3.1880510,55.9466280,9.8226,824.543,DONE,4,630.000,31.438
146,607.500,53,-3.1915140,55.9460200,10.4396,1000.937,DONE,4,717.500,100.946
147,609.000,381,-3.1879700,55.9468990,13.6805,876.675,DONE,4,648.000,188.138
148,611.000,310,-3.1884930,55.9465090,30.0370,909.612,DONE,4,627.000,39.689
149,614.000,545,-3.1868190,55.9476480,18.6936,974.201,DONE,4,663.500,152.762
150,616.500,381,-3.1879700,55.9468990,29.7899,958.861,DONE,4,648.500,0.000
151,619.500,327,-3.1883690,55.9451040,33.4488,989.370,DONE,4,748.000,314.331
152,621.000,127,-3.1909560,55.9454060,11.0645,946.321,DONE,4,707.500,444.826
153,626.000,477,-3.1875150,55.9461700,14.9156,854.443,DONE,3,747.000,124.312
154,627.000,384,-3.1879580,55.9449560,35.2551,965.814,DONE,5,708.000,69.799
155,629.000,352,-3.1881910,55.9469030,14.9785,1012.360,DONE,3,764.000,20.722
156,632.000,54,-3.1914940,55.9467190,19.9820,1012.935,DONE,5,812.500,333.605
157,638.000,95,-3.1911480,55.9455260,21.8233,1021.722,DONE,5,763.000,409.477
158,640.000,436,-3.1877340,55.9453550,20.3731,960.922,DONE,5,701.500,258.803
159,643.500,581,-3.1865480,55.9448560,40.9141,913.889,DONE,5,723.500,161.113
160,644.000,525,-3.1869360,55.9453310,18.6783,949.969,DONE,3,788.000,223.288
161,646.500,510,-3.1870760,55.9475690,12.4328,927.677,DONE,1,768.500,62.577
162,654.500,70,-3.1912950,55.9441950,38.2263,996.884,DONE,5,779.000,155.341
163,657.000,370,-3.1880220,55.9471420,31.2896,1009.557,DONE,5,674.000,147.772
164,659.500,143,-3.1907390,55.9475810,31.0901,861.567,DONE,1,718.000,28.081
165,661.000,7,-3.1960590,55.9448400,19.1942,981.000,DONE,3,862.500,701.874
166,661.500,560,-3.1867170,55.9473380,30.2491,1022.784,DONE,1,761.500,341.740
167,663.500,91,-3.1911790,55.9471150,26.0915,921.708,DONE,1,727.000,84.429
168,664.500,575,-3.1866310,55.9448530,37.9768,1050.321,DONE,1,814.500,435.268
169,668.000,324,-3.1883920,55.9476980,25.9861,939.400,DONE,1,698.500,209.713
170,670.500,171,-3.1905420,55.9473940,31.0617,979.577,DONE,1,714.500,151.067
171,675.500,206,-3.1900340,55.9444980,23.4199,957.096,DONE,1,844.000,307.705
172,678.000,494,-3.1872250,55.9455190,21.7487,984.344,DONE,0,755.500,107.249
173,678.500,13,-3.1946950,55.9448760,38.3627,997.254,DONE,0,876.000,650.000
174,682.000,445,-3.1876990,55.9464780,27.7923,959.704,DONE,0,731.500,38.587
175,689.000,397,-3.1878890,55.9448280,35.0242,940.345,DONE,0,769.500,147.339
176,694.500,464,-3.1876150,55.9465130,25.3085,1035.874,DONE,0,728.000,102.635
177,695.500,577,-3.1866170,55.9448370,19.6102,1045.200,DONE,3,797.000,83.468
178,696.500,447,-3.1876960,55.9463210,26.3730,1027.346,DONE,0,744.000,12.195
179,700.500,367,-3.1880510,55.9466280,20.5376,1057.244,DONE,3,734.500,71.126
180,704.000,567,-3.1866790,55.9473900,6.4408,984.407,DONE,0,814.000,430.453
181,704.500,325,-3.1883830,55.9463650,13.5921,1029.797,DONE,3,754.000,75.571
182,707.000,471,-3.1875750,55.9462510,37.8513,1015.291,DONE,0,742.500,101.859
183,726.000,382,-3.1879670,55.9468520,33.7581,1081.984,DONE,3,762.000,70.216
184,729.500,34,-3.1918730,55.9473180,8.2179,1047.183,ASSIGNED,2,,0.000
185,730.500,304,-3.1885560,55.9461270,24.3201,1000.236,ASSIGNED,5,,116.231
186,743.500,194,-3.1901080,55.9451850,9.2074,1131.219,PENDING,,,0.000
187,745.000,479,-3.1874790,55.9465260,31.0894,985.408,DONE,4,827.500,137.064
188,747.000,42,-3.1916940,55.9452120,27.8681,1088.997,ASSIGNED,5,,0.000
189,754.000,472,-3.1875740,55.9474850,19.3785,1122.261,ASSIGNED,5,,0.000
190,755.500,12,-3.1948230,55.9449740,35.0207,1120.189,ASSIGNED,4,,0.000
191,756.000,355,-3.1881570,55.9466230,29.2637,1091.194,DONE,5,842.500,64.506
192,763.000,475,-3.1875400,55.9459720,9.5955,1116.812,PENDING,,,0.000
193,770.000,221,-3.1898090,55.9451170,36.3480,1106.901,ASSIGNED,4,,365.257
194,770.500,391,-3.1879110,55.9465510,11.8732,1165.625,PENDING,,,0.000
195,771.500,359,-3.1881360,55.9452750,28.2347,1058.804,DONE,5,868.000,102.622
196,772.500,82,-3.1912310,55.9454370,16.4458,1055.813,ASSIGNED,5,,0.000
197,773.500,330,-3.1883400,55.9450550,34.9996,1031.346,ASSIGNED,4,,0.000
198,782.000,497,-3.1871740,55.9457020,14.7865,1039.866,DONE,5,857.500,142.077
199,789.500,79,-3.1912420,55.9453990,11.6328,1080.956,PENDING,,,0.000
200,794.500,272,-3.1891600,55.9474870,13.9437,1086.247,PENDING,,,0.000
201,798.000,98,-3.1911330,55.9454980,7.2421,1071.923,PENDING,,,0.000
202,799.500,568,-3.1866760,55.9473670,34.3255,1006.936,DONE,4,845.000,185.267
203,802.000,50,-3.1915610,55.9466790,10.7467,1012.246,PENDING,,,0.000
204,804.500,534,-3.1868750,55.9476650,40.0977,1171.790,DONE,4,849.500,36.791
205,808.500,157,-3.1906340,55.9473740,7.4513,1120.166,DONE,4,885.500,345.955
206,812.500,85,-3.1912120,55.9454730,27.1604,1033.496,ASSIGNED,5,,0.000
207,820.500,468,-3.1875870,55.9465990,29.8753,1061.623,DONE,5,891.500,223.108
208,834.000,382,-3.1879670,55.9468520,12.4211,1081.317,PENDING,,,0.000
209,835.000,446,-3.1876980,55.9452840,7.7094,1141.010,PENDING,,,0.000
210,839.000,375,-3.1879950,55.9464050,13.4478,1110.312,PENDING,,,0.000
211,844.500,173,-3.1905020,55.9474030,17.5944,1101.312,PENDING,,,0.000
212,846.000,410,-3.1878330,55.9465340,34.7116,1058.758,DONE,2,899.500,147.110
213,851.500,244,-3.1894850,55.9458090,15.0438,1112.380,PENDING,,,0.000
214,852.000,322,-3.1884010,55.9464560,25.9916,1090.422,ASSIGNED,2,,39.308
215,854.000,290,-3.1887650,55.9474400,33.1287,1215.917,ASSIGNED,2,,0.000
216,857.500,393,-3.1878920,55.9462960,11.0687,1180.901,PENDING,,,0.000
217,861.000,39,-3.1917580,55.9452050,38.0038,1099.812,ASSIGNED,2,,0.000
218,862.500,153,-3.1906630,55.9475980,36.7221,1202.776,ASSIGNED,2,,0.000
219,863.500,93,-3.1911570,55.9455570,9.8614,1211.425,PENDING,,,0.000
220,868.500,543,-3.1868370,55.9476590,19.1498,1227.889,ASSIGNED,2,,0.000
221,873.000,387,-3.1879450,55.9464680,23.5349,1122.461,DONE,2,884.500,117.668
222,878.000,505,-3.1871060,55.9476250,7.7555,1174.700,PENDING,,,0.000
223,881.000,311,-3.1884920,55.9463920,31.6667,1279.695,PENDING,,,0.000
224,884.000,298,-3.1886610,55.9462720,13.9273,1193.570,PENDING,,,0.000
225,889.500,366,-3.1880570,55.9464720,18.0863,1245.740,PENDING,,,0.000
226,890.500,128,-3.1909480,55.9471020,32.7358,1260.637,PENDING,,,0.000
227,893.500,250,-3.1894460,55.9465320,18.5822,1274.475,PENDING,,,0.000
